sentence_id,kalimat,token,bio_tag
0,tempat wisata yang indah,tempat,B-CLAUSE
0,tempat wisata yang indah,wisata,I-CLAUSE
0,tempat wisata yang indah,yang,I-CLAUSE
0,tempat wisata yang indah,indah,I-CLAUSE
1,"tempat wisata indah, tetapi fasilitas kurang",tempat,B-CLAUSE
1,"tempat wisata indah, tetapi fasilitas kurang",wisata,I-CLAUSE
1,"tempat wisata indah, tetapi fasilitas kurang",indah,I-CLAUSE
1,"tempat wisata indah, tetapi fasilitas kurang",",",O
1,"tempat wisata indah, tetapi fasilitas kurang",tetapi,O
1,"tempat wisata indah, tetapi fasilitas kurang",fasilitas,B-CLAUSE
1,"tempat wisata indah, tetapi fasilitas kurang",kurang,I-CLAUSE
2,pemandangan bagus namun jalan rusak,pemandangan,B-CLAUSE
2,pemandangan bagus namun jalan rusak,bagus,I-CLAUSE
2,pemandangan bagus namun jalan rusak,namun,O
2,pemandangan bagus namun jalan rusak,jalan,B-CLAUSE
2,pemandangan bagus namun jalan rusak,rusak,I-CLAUSE
3,air jernih dan sejuk,air,B-CLAUSE
3,air jernih dan sejuk,jernih,I-CLAUSE
3,air jernih dan sejuk,dan,I-CLAUSE
3,air jernih dan sejuk,sejuk,I-CLAUSE
4,"harga tiket mahal, pelayanan ramah tetapi toilet kotor",harga,B-CLAUSE
4,"harga tiket mahal, pelayanan ramah tetapi toilet kotor",tiket,I-CLAUSE
4,"harga tiket mahal, pelayanan ramah tetapi toilet kotor",mahal,I-CLAUSE
4,"harga tiket mahal, pelayanan ramah tetapi toilet kotor",",",O
4,"harga tiket mahal, pelayanan ramah tetapi toilet kotor",pelayanan,B-CLAUSE
4,"harga tiket mahal, pelayanan ramah tetapi toilet kotor",ramah,I-CLAUSE
4,"harga tiket mahal, pelayanan ramah tetapi toilet kotor",tetapi,O
4,"harga tiket mahal, pelayanan ramah tetapi toilet kotor",toilet,B-CLAUSE
4,"harga tiket mahal, pelayanan ramah tetapi toilet kotor",kotor,I-CLAUSE
5,lokasi strategis namun parkir sempit,lokasi,B-CLAUSE
5,lokasi strategis namun parkir sempit,strategis,I-CLAUSE
5,lokasi strategis namun parkir sempit,namun,O
5,lokasi strategis namun parkir sempit,parkir,B-CLAUSE
5,lokasi strategis namun parkir sempit,sempit,I-CLAUSE
6,makanan enak tetapi harga mahal,makanan,B-CLAUSE
6,makanan enak tetapi harga mahal,enak,I-CLAUSE
6,makanan enak tetapi harga mahal,tetapi,O
6,makanan enak tetapi harga mahal,harga,B-CLAUSE
6,makanan enak tetapi harga mahal,mahal,I-CLAUSE
7,"tempat bersih, nyaman dan asri",tempat,B-CLAUSE
7,"tempat bersih, nyaman dan asri",bersih,I-CLAUSE
7,"tempat bersih, nyaman dan asri",",",O
7,"tempat bersih, nyaman dan asri",nyaman,B-CLAUSE
7,"tempat bersih, nyaman dan asri",dan,O
7,"tempat bersih, nyaman dan asri",asri,B-CLAUSE
8,akses jalan mudah namun fasilitas minim,akses,B-CLAUSE
8,akses jalan mudah namun fasilitas minim,jalan,I-CLAUSE
8,akses jalan mudah namun fasilitas minim,mudah,I-CLAUSE
8,akses jalan mudah namun fasilitas minim,namun,O
8,akses jalan mudah namun fasilitas minim,fasilitas,B-CLAUSE
8,akses jalan mudah namun fasilitas minim,minim,I-CLAUSE
9,suasana tenang tetapi kurang terawat,suasana,B-CLAUSE
9,suasana tenang tetapi kurang terawat,tenang,I-CLAUSE
9,suasana tenang tetapi kurang terawat,tetapi,O
9,suasana tenang tetapi kurang terawat,kurang,B-CLAUSE
9,suasana tenang tetapi kurang terawat,terawat,I-CLAUSE
10,view indah namun toilet berbayar,view,B-CLAUSE
10,view indah namun toilet berbayar,indah,I-CLAUSE
10,view indah namun toilet berbayar,namun,O
10,view indah namun toilet berbayar,toilet,B-CLAUSE
10,view indah namun toilet berbayar,berbayar,I-CLAUSE
11,"tiket murah, tempat luas tetapi kotor",tiket,B-CLAUSE
11,"tiket murah, tempat luas tetapi kotor",murah,I-CLAUSE
11,"tiket murah, tempat luas tetapi kotor",",",O
11,"tiket murah, tempat luas tetapi kotor",tempat,B-CLAUSE
11,"tiket murah, tempat luas tetapi kotor",luas,I-CLAUSE
11,"tiket murah, tempat luas tetapi kotor",tetapi,O
11,"tiket murah, tempat luas tetapi kotor",kotor,B-CLAUSE
12,staf ramah dan membantu,staf,B-CLAUSE
12,staf ramah dan membantu,ramah,I-CLAUSE
12,staf ramah dan membantu,dan,O
12,staf ramah dan membantu,membantu,B-CLAUSE
13,jalanan licin karena hujan,jalanan,B-CLAUSE
13,jalanan licin karena hujan,licin,I-CLAUSE
13,jalanan licin karena hujan,karena,I-CLAUSE
13,jalanan licin karena hujan,hujan,I-CLAUSE
14,"spot foto bagus, cocok untuk keluarga",spot,B-CLAUSE
14,"spot foto bagus, cocok untuk keluarga",foto,I-CLAUSE
14,"spot foto bagus, cocok untuk keluarga",bagus,I-CLAUSE
14,"spot foto bagus, cocok untuk keluarga",",",O
14,"spot foto bagus, cocok untuk keluarga",cocok,B-CLAUSE
14,"spot foto bagus, cocok untuk keluarga",untuk,I-CLAUSE
14,"spot foto bagus, cocok untuk keluarga",keluarga,I-CLAUSE
15,warung makan tersedia tetapi menu terbatas,warung,B-CLAUSE
15,warung makan tersedia tetapi menu terbatas,makan,I-CLAUSE
15,warung makan tersedia tetapi menu terbatas,tersedia,I-CLAUSE
15,warung makan tersedia tetapi menu terbatas,tetapi,O
15,warung makan tersedia tetapi menu terbatas,menu,B-CLAUSE
15,warung makan tersedia tetapi menu terbatas,terbatas,I-CLAUSE
16,"kolam renang bersih, air dingin dan segar",kolam,B-CLAUSE
16,"kolam renang bersih, air dingin dan segar",renang,I-CLAUSE
16,"kolam renang bersih, air dingin dan segar",bersih,I-CLAUSE
16,"kolam renang bersih, air dingin dan segar",",",O
16,"kolam renang bersih, air dingin dan segar",air,B-CLAUSE
16,"kolam renang bersih, air dingin dan segar",dingin,I-CLAUSE
16,"kolam renang bersih, air dingin dan segar",dan,O
16,"kolam renang bersih, air dingin dan segar",segar,B-CLAUSE
17,jalan menanjak namun pemandangan indah,jalan,B-CLAUSE
17,jalan menanjak namun pemandangan indah,menanjak,I-CLAUSE
17,jalan menanjak namun pemandangan indah,namun,O
17,jalan menanjak namun pemandangan indah,pemandangan,B-CLAUSE
17,jalan menanjak namun pemandangan indah,indah,I-CLAUSE
18,hotel nyaman tetapi wifi lambat,hotel,B-CLAUSE
18,hotel nyaman tetapi wifi lambat,nyaman,I-CLAUSE
18,hotel nyaman tetapi wifi lambat,tetapi,O
18,hotel nyaman tetapi wifi lambat,wifi,B-CLAUSE
18,hotel nyaman tetapi wifi lambat,lambat,I-CLAUSE
19,pantai bersih namun ombak tinggi,pantai,B-CLAUSE
19,pantai bersih namun ombak tinggi,bersih,I-CLAUSE
19,pantai bersih namun ombak tinggi,namun,O
19,pantai bersih namun ombak tinggi,ombak,B-CLAUSE
19,pantai bersih namun ombak tinggi,tinggi,I-CLAUSE
20,"ruangan luas, sejuk tetapi gelap",ruangan,B-CLAUSE
20,"ruangan luas, sejuk tetapi gelap",luas,I-CLAUSE
20,"ruangan luas, sejuk tetapi gelap",",",O
20,"ruangan luas, sejuk tetapi gelap",sejuk,B-CLAUSE
20,"ruangan luas, sejuk tetapi gelap",tetapi,O
20,"ruangan luas, sejuk tetapi gelap",gelap,B-CLAUSE
21,kebun luas dan hijau,kebun,B-CLAUSE
21,kebun luas dan hijau,luas,I-CLAUSE
21,kebun luas dan hijau,dan,O
21,kebun luas dan hijau,hijau,B-CLAUSE
22,transportasi mudah namun biaya tinggi,transportasi,B-CLAUSE
22,transportasi mudah namun biaya tinggi,mudah,I-CLAUSE
22,transportasi mudah namun biaya tinggi,namun,O
22,transportasi mudah namun biaya tinggi,biaya,B-CLAUSE
22,transportasi mudah namun biaya tinggi,tinggi,I-CLAUSE
23,"kamar bersih, kasur empuk tetapi ac rusak",kamar,B-CLAUSE
23,"kamar bersih, kasur empuk tetapi ac rusak",bersih,I-CLAUSE
23,"kamar bersih, kasur empuk tetapi ac rusak",",",O
23,"kamar bersih, kasur empuk tetapi ac rusak",kasur,B-CLAUSE
23,"kamar bersih, kasur empuk tetapi ac rusak",empuk,I-CLAUSE
23,"kamar bersih, kasur empuk tetapi ac rusak",tetapi,O
23,"kamar bersih, kasur empuk tetapi ac rusak",ac,B-CLAUSE
23,"kamar bersih, kasur empuk tetapi ac rusak",rusak,I-CLAUSE
24,gunung tinggi dan menantang,gunung,B-CLAUSE
24,gunung tinggi dan menantang,tinggi,I-CLAUSE
24,gunung tinggi dan menantang,dan,O
24,gunung tinggi dan menantang,menantang,B-CLAUSE
25,pintu masuk jauh namun ada shuttle gratis,pintu,B-CLAUSE
25,pintu masuk jauh namun ada shuttle gratis,masuk,I-CLAUSE
25,pintu masuk jauh namun ada shuttle gratis,jauh,I-CLAUSE
25,pintu masuk jauh namun ada shuttle gratis,namun,O
25,pintu masuk jauh namun ada shuttle gratis,ada,B-CLAUSE
25,pintu masuk jauh namun ada shuttle gratis,shuttle,I-CLAUSE
25,pintu masuk jauh namun ada shuttle gratis,gratis,I-CLAUSE
26,"cuaca cerah, angin sepoi tetapi panas",cuaca,B-CLAUSE
26,"cuaca cerah, angin sepoi tetapi panas",cerah,I-CLAUSE
26,"cuaca cerah, angin sepoi tetapi panas",",",O
26,"cuaca cerah, angin sepoi tetapi panas",angin,B-CLAUSE
26,"cuaca cerah, angin sepoi tetapi panas",sepoi,I-CLAUSE
26,"cuaca cerah, angin sepoi tetapi panas",tetapi,O
26,"cuaca cerah, angin sepoi tetapi panas",panas,B-CLAUSE
27,resto enak namun antri lama,resto,B-CLAUSE
27,resto enak namun antri lama,enak,I-CLAUSE
27,resto enak namun antri lama,namun,O
27,resto enak namun antri lama,antri,B-CLAUSE
27,resto enak namun antri lama,lama,I-CLAUSE
28,gazebo tersedia tetapi terbatas,gazebo,B-CLAUSE
28,gazebo tersedia tetapi terbatas,tersedia,I-CLAUSE
28,gazebo tersedia tetapi terbatas,tetapi,O
28,gazebo tersedia tetapi terbatas,terbatas,B-CLAUSE
29,area parkir luas dan aman,area,B-CLAUSE
29,area parkir luas dan aman,parkir,I-CLAUSE
29,area parkir luas dan aman,luas,I-CLAUSE
29,area parkir luas dan aman,dan,O
29,area parkir luas dan aman,aman,B-CLAUSE
30,"musala bersih, tapi kecil",musala,B-CLAUSE
30,"musala bersih, tapi kecil",bersih,I-CLAUSE
30,"musala bersih, tapi kecil",",",O
30,"musala bersih, tapi kecil",tapi,O
30,"musala bersih, tapi kecil",kecil,B-CLAUSE
31,camping ground luas namun licin,camping,B-CLAUSE
31,camping ground luas namun licin,ground,I-CLAUSE
31,camping ground luas namun licin,luas,I-CLAUSE
31,camping ground luas namun licin,namun,O
31,camping ground luas namun licin,licin,B-CLAUSE
32,sungai jernih tetapi dalam,sungai,B-CLAUSE
32,sungai jernih tetapi dalam,jernih,I-CLAUSE
32,sungai jernih tetapi dalam,tetapi,O
32,sungai jernih tetapi dalam,dalam,B-CLAUSE
33,"taman bermain lengkap, anak senang",taman,B-CLAUSE
33,"taman bermain lengkap, anak senang",bermain,I-CLAUSE
33,"taman bermain lengkap, anak senang",lengkap,I-CLAUSE
33,"taman bermain lengkap, anak senang",",",O
33,"taman bermain lengkap, anak senang",anak,B-CLAUSE
33,"taman bermain lengkap, anak senang",senang,I-CLAUSE
34,tracking seru namun melelahkan,tracking,B-CLAUSE
34,tracking seru namun melelahkan,seru,I-CLAUSE
34,tracking seru namun melelahkan,namun,O
34,tracking seru namun melelahkan,melelahkan,B-CLAUSE
35,pintu gerbang megah dan instagramable,pintu,B-CLAUSE
35,pintu gerbang megah dan instagramable,gerbang,I-CLAUSE
35,pintu gerbang megah dan instagramable,megah,I-CLAUSE
35,pintu gerbang megah dan instagramable,dan,O
35,pintu gerbang megah dan instagramable,instagramable,B-CLAUSE
36,"loket ramai, proses cepat",loket,B-CLAUSE
36,"loket ramai, proses cepat",ramai,I-CLAUSE
36,"loket ramai, proses cepat",",",O
36,"loket ramai, proses cepat",proses,B-CLAUSE
36,"loket ramai, proses cepat",cepat,I-CLAUSE
37,playground aman tetapi panas,playground,B-CLAUSE
37,playground aman tetapi panas,aman,I-CLAUSE
37,playground aman tetapi panas,tetapi,O
37,playground aman tetapi panas,panas,B-CLAUSE
38,jembatan kokoh namun sempit,jembatan,B-CLAUSE
38,jembatan kokoh namun sempit,kokoh,I-CLAUSE
38,jembatan kokoh namun sempit,namun,O
38,jembatan kokoh namun sempit,sempit,B-CLAUSE
39,"udara sejuk, pemandangan hijau dan tenang",udara,B-CLAUSE
39,"udara sejuk, pemandangan hijau dan tenang",sejuk,I-CLAUSE
39,"udara sejuk, pemandangan hijau dan tenang",",",O
39,"udara sejuk, pemandangan hijau dan tenang",pemandangan,B-CLAUSE
39,"udara sejuk, pemandangan hijau dan tenang",hijau,I-CLAUSE
39,"udara sejuk, pemandangan hijau dan tenang",dan,O
39,"udara sejuk, pemandangan hijau dan tenang",tenang,B-CLAUSE
40,air terjun tinggi tetapi sulit dijangkau,air,B-CLAUSE
40,air terjun tinggi tetapi sulit dijangkau,terjun,I-CLAUSE
40,air terjun tinggi tetapi sulit dijangkau,tinggi,I-CLAUSE
40,air terjun tinggi tetapi sulit dijangkau,tetapi,O
40,air terjun tinggi tetapi sulit dijangkau,sulit,B-CLAUSE
40,air terjun tinggi tetapi sulit dijangkau,dijangkau,I-CLAUSE
41,wifi gratis namun sinyal lemah,wifi,B-CLAUSE
41,wifi gratis namun sinyal lemah,gratis,I-CLAUSE
41,wifi gratis namun sinyal lemah,namun,O
41,wifi gratis namun sinyal lemah,sinyal,B-CLAUSE
41,wifi gratis namun sinyal lemah,lemah,I-CLAUSE
42,"tiket masuk terjangkau, wahana seru",tiket,B-CLAUSE
42,"tiket masuk terjangkau, wahana seru",masuk,I-CLAUSE
42,"tiket masuk terjangkau, wahana seru",terjangkau,I-CLAUSE
42,"tiket masuk terjangkau, wahana seru",",",O
42,"tiket masuk terjangkau, wahana seru",wahana,B-CLAUSE
42,"tiket masuk terjangkau, wahana seru",seru,I-CLAUSE
43,mushola ada tetapi jauh,mushola,B-CLAUSE
43,mushola ada tetapi jauh,ada,I-CLAUSE
43,mushola ada tetapi jauh,tetapi,O
43,mushola ada tetapi jauh,jauh,B-CLAUSE
44,jogging track panjang dan teduh,jogging,B-CLAUSE
44,jogging track panjang dan teduh,track,I-CLAUSE
44,jogging track panjang dan teduh,panjang,I-CLAUSE
44,jogging track panjang dan teduh,dan,O
44,jogging track panjang dan teduh,teduh,B-CLAUSE
45,"sarana lengkap, harga bersaing namun ramai",sarana,B-CLAUSE
45,"sarana lengkap, harga bersaing namun ramai",lengkap,I-CLAUSE
45,"sarana lengkap, harga bersaing namun ramai",",",O
45,"sarana lengkap, harga bersaing namun ramai",harga,B-CLAUSE
45,"sarana lengkap, harga bersaing namun ramai",bersaing,I-CLAUSE
45,"sarana lengkap, harga bersaing namun ramai",namun,O
45,"sarana lengkap, harga bersaing namun ramai",ramai,B-CLAUSE
46,pemandu wisata profesional dan informatif,pemandu,B-CLAUSE
46,pemandu wisata profesional dan informatif,wisata,I-CLAUSE
46,pemandu wisata profesional dan informatif,profesional,I-CLAUSE
46,pemandu wisata profesional dan informatif,dan,O
46,pemandu wisata profesional dan informatif,informatif,B-CLAUSE
47,jalan setapak rusak namun aman,jalan,B-CLAUSE
47,jalan setapak rusak namun aman,setapak,I-CLAUSE
47,jalan setapak rusak namun aman,rusak,I-CLAUSE
47,jalan setapak rusak namun aman,namun,O
47,jalan setapak rusak namun aman,aman,B-CLAUSE
48,"kebersihan terjaga, sampah minim tetapi butuh perbaikan",kebersihan,B-CLAUSE
48,"kebersihan terjaga, sampah minim tetapi butuh perbaikan",terjaga,I-CLAUSE
48,"kebersihan terjaga, sampah minim tetapi butuh perbaikan",",",O
48,"kebersihan terjaga, sampah minim tetapi butuh perbaikan",sampah,B-CLAUSE
48,"kebersihan terjaga, sampah minim tetapi butuh perbaikan",minim,I-CLAUSE
48,"kebersihan terjaga, sampah minim tetapi butuh perbaikan",tetapi,O
48,"kebersihan terjaga, sampah minim tetapi butuh perbaikan",butuh,B-CLAUSE
48,"kebersihan terjaga, sampah minim tetapi butuh perbaikan",perbaikan,I-CLAUSE
49,lokasi tersembunyi tetapi worth it,lokasi,B-CLAUSE
49,lokasi tersembunyi tetapi worth it,tersembunyi,I-CLAUSE
49,lokasi tersembunyi tetapi worth it,tetapi,O
49,lokasi tersembunyi tetapi worth it,worth,B-CLAUSE
49,lokasi tersembunyi tetapi worth it,it,I-CLAUSE
50,"Ga wort it orang 6 dewasa kenak 56 anak kecil di itung juga sangattt burukk ga wort itti ga bisa buat mandi atau renang ga rekomendasi mending di kalijompo",ga,B-CLAUSE
50,"Ga wort it orang 6 dewasa kenak 56 anak kecil di itung juga sangattt burukk ga wort itti ga bisa buat mandi atau renang ga rekom
50,"Ga wort it orang 6 dewasa kenak 56 anak kecil di itung juga sangattt burukk ga wort itti ga bisa buat mandi atau renang ga rekomendasi mending di kalijompo",it,I-CLAUSE
50,"Ga wort it orang 6 dewasa kenak 56 anak kecil di itung juga sangattt burukk ga wort itti ga bisa buat mandi atau renang ga rekomendasi mending di kalijompo",orang,I-CLAUSE
50,"Ga wort it orang 6 dewasa kenak 56 anak kecil di itung juga sangattt burukk ga wort itti ga bisa buat mandi atau renang ga rekomendasi mending di kalijompo",6,I-CLAUSE
50,"Ga wort it orang 6 dewasa kenak 56 anak kecil di itung juga sangattt burukk ga wort itti ga bisa buat mandi atau renang ga rekomendasi mending di kalijompo",dewasa,I-CLAUSE
50,"Ga wort it orang 6 dewasa kenak 56 anak kecil di itung juga sangattt burukk ga wort itti ga bisa buat mandi atau renang ga rekomendasi mending di kalijompo",kenak,I-CLAUSE
50,"Ga wort it orang 6 dewasa kenak 56 anak kecil di itung juga sangattt burukk ga wort itti ga bisa buat mandi atau renang ga rekomendasi mending di kalijompo",56,I-CLAUSE
50,"Ga wort it orang 6 dewasa kenak 56 anak kecil di itung juga sangattt burukk ga wort itti ga bisa buat mandi atau renang ga rekomendasi mending di kalijompo",anak,I-CLAUSE
50,"Ga wort it orang 6 dewasa kenak 56 anak kecil di itung juga sangattt burukk ga wort itti ga bisa buat mandi atau renang ga rekomendasi mending di kalijompo",kecil,I-CLAUSE
50,"Ga wort it orang 6 dewasa kenak 56 anak kecil di itung juga sangattt burukk ga wort itti ga bisa buat mandi atau renang ga rekomendasi mending di kalijompo",di,I-CLAUSE
50,"Ga wort it orang 6 dewasa kenak 56 anak kecil di itung juga sangattt burukk ga wort itti ga bisa buat mandi atau renang ga rekomendasi mending di kalijompo",itung,I-CLAUSE
50,"Ga wort it orang 6 dewasa kenak 56 anak kecil di itung juga sangattt burukk ga wort itti ga bisa buat mandi atau renang ga rekomendasi mending di kalijompo",juga,I-CLAUSE
50,"Ga wort it orang 6 dewasa kenak 56 anak kecil di itung juga sangattt burukk ga wort itti ga bisa buat mandi atau renang ga rekomendasi mending di kalijompo",sangattt,I-CLAUSE
50,"Ga wort it orang 6 dewasa kenak 56 anak kecil di itung juga sangattt burukk ga wort itti ga bisa buat mandi atau renang ga rekomendasi mending di kalijompo",burukk,I-CLAUSE
50,"Ga wort it orang 6 dewasa kenak 56 anak kecil di itung juga sangattt burukk ga wort itti ga bisa buat mandi atau renang ga rekomendasi mending di kalijompo",ga,B-CLAUSE
50,"Ga wort it orang 6 dewasa kenak 56 anak kecil di itung juga sangattt burukk ga wort itti ga bisa buat mandi atau renang ga rekomendasi mending di kalijompo",bisa,I-CLAUSE
50,"Ga wort it orang 6 dewasa kenak 56 anak kecil di itung juga sangattt burukk ga wort itti ga bisa buat mandi atau renang ga rekomendasi mending di kalijompo",buat,I-CLAUSE
50,"Ga wort it orang 6 dewasa kenak 56 anak kecil di itung juga sangattt burukk ga wort itti ga bisa buat mandi atau renang ga rekomendasi mending di kalijompo",mandi,I-CLAUSE
50,"Ga wort it orang 6 dewasa kenak 56 anak kecil di itung juga sangattt burukk ga wort itti ga bisa buat mandi atau renang ga rekomendasi mending di kalijompo",atau,O
50,"Ga wort it orang 6 dewasa kenak 56 anak kecil di itung juga sangattt burukk ga wort itti ga bisa buat mandi atau renang ga rekomendasi mending di kalijompo",renang,B-CLAUSE
50,"Ga wort it orang 6 dewasa kenak 56 anak kecil di itung juga sangattt burukk ga wort itti ga bisa buat mandi atau renang ga rekomendasi mending di kalijompo",ga,B-CLAUSE
50,"Ga wort it orang 6 dewasa kenak 56 anak kecil di itung juga sangattt burukk ga wort itti ga bisa buat mandi atau renang ga rekomendasi mending di kalijompo",rekomendasi,I-CLAUSE
50,"Ga wort it orang 6 dewasa kenak 56 anak kecil di itung juga sangattt burukk ga wort itti ga bisa buat mandi atau renang ga rekomendasi mending di kalijompo",mending,I-CLAUSE
50,"Ga wort it orang 6 dewasa kenak 56 anak kecil di itung juga sangattt burukk ga wort itti ga bisa buat mandi atau renang ga rekomendasi mending di kalijompo",di,I-CLAUSE
50,"Ga wort it orang 6 dewasa kenak 56 anak kecil di itung juga sangattt burukk ga wort itti ga bisa buat mandi atau renang ga rekomendasi mending di kalijompo",kalijompo,I-CLAUSE
51,"Padahal ga mau masuk ke lokasi wisatanya malah tetep disuruh bayar",padahal,B-CLAUSE
51,"Padahal ga mau masuk ke lokasi wisatanya malah tetep disuruh bayar",ga,I-CLAUSE
51,"Padahal ga mau masuk ke lokasi wisatanya malah tetep disuruh bayar",mau,I-CLAUSE
51,"Padahal ga mau masuk ke lokasi wisatanya malah tetep disuruh bayar",masuk,I-CLAUSE
51,"Padahal ga mau masuk ke lokasi wisatanya malah tetep disuruh bayar",ke,I-CLAUSE
51,"Padahal ga mau masuk ke lokasi wisatanya malah tetep disuruh bayar",lokasi,I-CLAUSE
51,"Padahal ga mau masuk ke lokasi wisatanya malah tetep disuruh bayar",wisatanya,I-CLAUSE
51,"Padahal ga mau masuk ke lokasi wisatanya malah tetep disuruh bayar",malah,I-CLAUSE
51,"Padahal ga mau masuk ke lokasi wisatanya malah tetep disuruh bayar",tetep,I-CLAUSE
51,"Padahal ga mau masuk ke lokasi wisatanya malah tetep disuruh bayar",disuruh,I-CLAUSE
51,"Padahal ga mau masuk ke lokasi wisatanya malah tetep disuruh bayar",bayar,I-CLAUSE
52,"Berlibur murah meriah, saya merasa terganggu dgn musik yg hingar bingar dan berisik",berlibur,B-CLAUSE
52,"Berlibur murah meriah, saya merasa terganggu dgn musik yg hingar bingar dan berisik",murah,I-CLAUSE
52,"Berlibur murah meriah, saya merasa terganggu dgn musik yg hingar bingar dan berisik",meriah,I-CLAUSE
52,"Berlibur murah meriah, saya merasa terganggu dgn musik yg hingar bingar dan berisik",",",O
52,"Berlibur murah meriah, saya merasa terganggu dgn musik yg hingar bingar dan berisik",saya,B-CLAUSE
52,"Berlibur murah meriah, saya merasa terganggu dgn musik yg hingar bingar dan berisik",merasa,I-CLAUSE
52,"Berlibur murah meriah, saya merasa terganggu dgn musik yg hingar bingar dan berisik",terganggu,I-CLAUSE
52,"Berlibur murah meriah, saya merasa terganggu dgn musik yg hingar bingar dan berisik",dgn,I-CLAUSE
52,"Berlibur murah meriah, saya merasa terganggu dgn musik yg hingar bingar dan berisik",musik,I-CLAUSE
52,"Berlibur murah meriah, saya merasa terganggu dgn musik yg hingar bingar dan berisik",yg,I-CLAUSE
52,"Berlibur murah meriah, saya merasa terganggu dgn musik yg hingar bingar dan berisik",hingar,I-CLAUSE
52,"Berlibur murah meriah, saya merasa terganggu dgn musik yg hingar bingar dan berisik",bingar,I-CLAUSE
52,"Berlibur murah meriah, saya merasa terganggu dgn musik yg hingar bingar dan berisik",dan,O
52,"Berlibur murah meriah, saya merasa terganggu dgn musik yg hingar bingar dan berisik",berisik,B-CLAUSE
53,"Tempatnya bagus, cuman jalan menuju ksana masih harus lebih d perhatikan lagi",tempatnya,B-CLAUSE
53,"Tempatnya bagus, cuman jalan menuju ksana masih harus lebih d perhatikan lagi",bagus,I-CLAUSE
53,"Tempatnya bagus, cuman jalan menuju ksana masih harus lebih d perhatikan lagi",",",O
53,"Tempatnya bagus, cuman jalan menuju ksana masih harus lebih d perhatikan lagi",cuman,O
53,"Tempatnya bagus, cuman jalan menuju ksana masih harus lebih d perhatikan lagi",jalan,B-CLAUSE
53,"Tempatnya bagus, cuman jalan menuju ksana masih harus lebih d perhatikan lagi",menuju,I-CLAUSE
53,"Tempatnya bagus, cuman jalan menuju ksana masih harus lebih d perhatikan lagi",ksana,I-CLAUSE
53,"Tempatnya bagus, cuman jalan menuju ksana masih harus lebih d perhatikan lagi",masih,I-CLAUSE
53,"Tempatnya bagus, cuman jalan menuju ksana masih harus lebih d perhatikan lagi",harus,I-CLAUSE
53,"Tempatnya bagus, cuman jalan menuju ksana masih harus lebih d perhatikan lagi",lebih,I-CLAUSE
53,"Tempatnya bagus, cuman jalan menuju ksana masih harus lebih d perhatikan lagi",d,I-CLAUSE
53,"Tempatnya bagus, cuman jalan menuju ksana masih harus lebih d perhatikan lagi",perhatikan,I-CLAUSE
53,"Tempatnya bagus, cuman jalan menuju ksana masih harus lebih d perhatikan lagi",lagi,I-CLAUSE
54,"Tiket masuk @Rp 8rb mungkin terlalu mahal dg fasilitas yg belum sempurna",tiket,B-CLAUSE
54,"Tiket masuk @Rp 8rb mungkin terlalu mahal dg fasilitas yg belum sempurna",masuk,I-CLAUSE
54,"Tiket masuk @Rp 8rb mungkin terlalu mahal dg fasilitas yg belum sempurna",@,I-CLAUSE
54,"Tiket masuk @Rp 8rb mungkin terlalu mahal dg fasilitas yg belum sempurna",rp,I-CLAUSE
54,"Tiket masuk @Rp 8rb mungkin terlalu mahal dg fasilitas yg belum sempurna",8,I-CLAUSE
54,"Tiket masuk @Rp 8rb mungkin terlalu mahal dg fasilitas yg belum sempurna",rb,I-CLAUSE
54,"Tiket masuk @Rp 8rb mungkin terlalu mahal dg fasilitas yg belum sempurna",mungkin,I-CLAUSE
54,"Tiket masuk @Rp 8rb mungkin terlalu mahal dg fasilitas yg belum sempurna",terlalu,I-CLAUSE
54,"Tiket masuk @Rp 8rb mungkin terlalu mahal dg fasilitas yg belum sempurna",mahal,I-CLAUSE
54,"Tiket masuk @Rp 8rb mungkin terlalu mahal dg fasilitas yg belum sempurna",dg,I-CLAUSE
54,"Tiket masuk @Rp 8rb mungkin terlalu mahal dg fasilitas yg belum sempurna",fasilitas,I-CLAUSE
54,"Tiket masuk @Rp 8rb mungkin terlalu mahal dg fasilitas yg belum sempurna",yg,I-CLAUSE
54,"Tiket masuk @Rp 8rb mungkin terlalu mahal dg fasilitas yg belum sempurna",belum,I-CLAUSE
54,"Tiket masuk @Rp 8rb mungkin terlalu mahal dg fasilitas yg belum sempurna",sempurna,I-CLAUSE
55,"Jalan menuju lokasi sudah beraspal mulus sampai d lokasi, cuma butuh tambah sedikit sentuhan",jalan,B-CLAUSE
55,"Jalan menuju lokasi sudah beraspal mulus sampai d lokasi, cuma butuh tambah sedikit sentuhan",menuju,I-CLAUSE
55,"Jalan menuju lokasi sudah beraspal mulus sampai d lokasi, cuma butuh tambah sedikit sentuhan",lokasi,I-CLAUSE
55,"Jalan menuju lokasi sudah beraspal mulus sampai d lokasi, cuma butuh tambah sedikit sentuhan",sudah,I-CLAUSE
55,"Jalan menuju lokasi sudah beraspal mulus sampai d lokasi, cuma butuh tambah sedikit sentuhan",beraspal,I-CLAUSE
55,"Jalan menuju lokasi sudah beraspal mulus sampai d lokasi, cuma butuh tambah sedikit sentuhan",mulus,I-CLAUSE
55,"Jalan menuju lokasi sudah beraspal mulus sampai d lokasi, cuma butuh tambah sedikit sentuhan",sampai,I-CLAUSE
55,"Jalan menuju lokasi sudah beraspal mulus sampai d lokasi, cuma butuh tambah sedikit sentuhan",d,I-CLAUSE
55,"Jalan menuju lokasi sudah beraspal mulus sampai d lokasi, cuma butuh tambah sedikit sentuhan",lokasi,I-CLAUSE
55,"Jalan menuju lokasi sudah beraspal mulus sampai d lokasi, cuma butuh tambah sedikit sentuhan",",",O
55,"Jalan menuju lokasi sudah beraspal mulus sampai d lokasi, cuma butuh tambah sedikit sentuhan",cuma,O
55,"Jalan menuju lokasi sudah beraspal mulus sampai d lokasi, cuma butuh tambah sedikit sentuhan",butuh,B-CLAUSE
55,"Jalan menuju lokasi sudah beraspal mulus sampai d lokasi, cuma butuh tambah sedikit sentuhan",tambah,I-CLAUSE
55,"Jalan menuju lokasi sudah beraspal mulus sampai d lokasi, cuma butuh tambah sedikit sentuhan",sedikit,I-CLAUSE
55,"Jalan menuju lokasi sudah beraspal mulus sampai d lokasi, cuma butuh tambah sedikit sentuhan",sentuhan,I-CLAUSE
56,"Untuk konsep alamnya sdh oke tapi untuk sarana prasarana perlu dikembangkan ya",untuk,B-CLAUSE
56,"Untuk konsep alamnya sdh oke tapi untuk sarana prasarana perlu dikembangkan ya",konsep,I-CLAUSE
56,"Untuk konsep alamnya sdh oke tapi untuk sarana prasarana perlu dikembangkan ya",alamnya,I-CLAUSE
56,"Untuk konsep alamnya sdh oke tapi untuk sarana prasarana perlu dikembangkan ya",sdh,I-CLAUSE
56,"Untuk konsep alamnya sdh oke tapi untuk sarana prasarana perlu dikembangkan ya",oke,I-CLAUSE
56,"Untuk konsep alamnya sdh oke tapi untuk sarana prasarana perlu dikembangkan ya",tapi,O
56,"Untuk konsep alamnya sdh oke tapi untuk sarana prasarana perlu dikembangkan ya",untuk,B-CLAUSE
56,"Untuk konsep alamnya sdh oke tapi untuk sarana prasarana perlu dikembangkan ya",sarana,I-CLAUSE
56,"Untuk konsep alamnya sdh oke tapi untuk sarana prasarana perlu dikembangkan ya",prasarana,I-CLAUSE
56,"Untuk konsep alamnya sdh oke tapi untuk sarana prasarana perlu dikembangkan ya",perlu,I-CLAUSE
56,"Untuk konsep alamnya sdh oke tapi untuk sarana prasarana perlu dikembangkan ya",dikembangkan,I-CLAUSE
56,"Untuk konsep alamnya sdh oke tapi untuk sarana prasarana perlu dikembangkan ya",ya,I-CLAUSE
57,"Natural tapi sarana dan prasarananya kurang",natural,B-CLAUSE
57,"Natural tapi sarana dan prasarananya kurang",tapi,O
57,"Natural tapi sarana dan prasarananya kurang",sarana,B-CLAUSE
57,"Natural tapi sarana dan prasarananya kurang",dan,O
57,"Natural tapi sarana dan prasarananya kurang",prasarananya,B-CLAUSE
57,"Natural tapi sarana dan prasarananya kurang",kurang,I-CLAUSE
58,"Untuk ukuran wisata alam, ticket masuknya agak mahal",untuk,B-CLAUSE
58,"Untuk ukuran wisata alam, ticket masuknya agak mahal",ukuran,I-CLAUSE
58,"Untuk ukuran wisata alam, ticket masuknya agak mahal",wisata,I-CLAUSE
58,"Untuk ukuran wisata alam, ticket masuknya agak mahal",alam,I-CLAUSE
58,"Untuk ukuran wisata alam, ticket masuknya agak mahal",",",O
58,"Untuk ukuran wisata alam, ticket masuknya agak mahal",ticket,B-CLAUSE
58,"Untuk ukuran wisata alam, ticket masuknya agak mahal",masuknya,I-CLAUSE
58,"Untuk ukuran wisata alam, ticket masuknya agak mahal",agak,I-CLAUSE
58,"Untuk ukuran wisata alam, ticket masuknya agak mahal",mahal,I-CLAUSE
59,"Jalan kurang bagus, tidak ada yg jual makanan",jalan,B-CLAUSE
59,"Jalan kurang bagus, tidak ada yg jual makanan",kurang,I-CLAUSE
59,"Jalan kurang bagus, tidak ada yg jual makanan",bagus,I-CLAUSE
59,"Jalan kurang bagus, tidak ada yg jual makanan",",",O
59,"Jalan kurang bagus, tidak ada yg jual makanan",tidak,B-CLAUSE
59,"Jalan kurang bagus, tidak ada yg jual makanan",ada,I-CLAUSE
59,"Jalan kurang bagus, tidak ada yg jual makanan",yg,I-CLAUSE
59,"Jalan kurang bagus, tidak ada yg jual makanan",jual,I-CLAUSE
59,"Jalan kurang bagus, tidak ada yg jual makanan",makanan,I-CLAUSE
60,"Tempat sejuk dan asri, fasilitas toilet perlu d benahi",tempat,B-CLAUSE
60,"Tempat sejuk dan asri, fasilitas toilet perlu d benahi",sejuk,I-CLAUSE
60,"Tempat sejuk dan asri, fasilitas toilet perlu d benahi",dan,O
60,"Tempat sejuk dan asri, fasilitas toilet perlu d benahi",asri,B-CLAUSE
60,"Tempat sejuk dan asri, fasilitas toilet perlu d benahi",",",O
60,"Tempat sejuk dan asri, fasilitas toilet perlu d benahi",fasilitas,B-CLAUSE
60,"Tempat sejuk dan asri, fasilitas toilet perlu d benahi",toilet,I-CLAUSE
60,"Tempat sejuk dan asri, fasilitas toilet perlu d benahi",perlu,I-CLAUSE
60,"Tempat sejuk dan asri, fasilitas toilet perlu d benahi",d,I-CLAUSE
60,"Tempat sejuk dan asri, fasilitas toilet perlu d benahi",benahi,I-CLAUSE
61,"View nya bagus, akses nya lumayan menantang",view,B-CLAUSE
61,"View nya bagus, akses nya lumayan menantang",nya,I-CLAUSE
61,"View nya bagus, akses nya lumayan menantang",bagus,I-CLAUSE
61,"View nya bagus, akses nya lumayan menantang",",",O
61,"View nya bagus, akses nya lumayan menantang",akses,B-CLAUSE
61,"View nya bagus, akses nya lumayan menantang",nya,I-CLAUSE
61,"View nya bagus, akses nya lumayan menantang",lumayan,I-CLAUSE
61,"View nya bagus, akses nya lumayan menantang",menantang,I-CLAUSE
62,"Juni 2022, Jalan menuju lokasi aspalnya masih baru jadi mulus tapi Mendekati lokasi jalannya agak sempit",juni,B-CLAUSE
62,"Juni 2022, Jalan menuju lokasi aspalnya masih baru jadi mulus tapi Mendekati lokasi jalannya agak sempit",2022,I-CLAUSE
62,"Juni 2022, Jalan menuju lokasi aspalnya masih baru jadi mulus tapi Mendekati lokasi jalannya agak sempit",",",O
62,"Juni 2022, Jalan menuju lokasi aspalnya masih baru jadi mulus tapi Mendekati lokasi jalannya agak sempit",jalan,B-CLAUSE
62,"Juni 2022, Jalan menuju lokasi aspalnya masih baru jadi mulus tapi Mendekati lokasi jalannya agak sempit",menuju,I-CLAUSE
62,"Juni 2022, Jalan menuju lokasi aspalnya masih baru jadi mulus tapi Mendekati lokasi jalannya agak sempit",lokasi,I-CLAUSE
62,"Juni 2022, Jalan menuju lokasi aspalnya masih baru jadi mulus tapi Mendekati lokasi jalannya agak sempit",aspalnya,I-CLAUSE
62,"Juni 2022, Jalan menuju lokasi aspalnya masih baru jadi mulus tapi Mendekati lokasi jalannya agak sempit",masih,I-CLAUSE
62,"Juni 2022, Jalan menuju lokasi aspalnya masih baru jadi mulus tapi Mendekati lokasi jalannya agak sempit",baru,I-CLAUSE
62,"Juni 2022, Jalan menuju lokasi aspalnya masih baru jadi mulus tapi Mendekati lokasi jalannya agak sempit",jadi,I-CLAUSE
62,"Juni 2022, Jalan menuju lokasi aspalnya masih baru jadi mulus tapi Mendekati lokasi jalannya agak sempit",mulus,I-CLAUSE
62,"Juni 2022, Jalan menuju lokasi aspalnya masih baru jadi mulus tapi Mendekati lokasi jalannya agak sempit",tapi,O
62,"Juni 2022, Jalan menuju lokasi aspalnya masih baru jadi mulus tapi Mendekati lokasi jalannya agak sempit",mendekati,B-CLAUSE
62,"Juni 2022, Jalan menuju lokasi aspalnya masih baru jadi mulus tapi Mendekati lokasi jalannya agak sempit",lokasi,I-CLAUSE
62,"Juni 2022, Jalan menuju lokasi aspalnya masih baru jadi mulus tapi Mendekati lokasi jalannya agak sempit",jalannya,I-CLAUSE
62,"Juni 2022, Jalan menuju lokasi aspalnya masih baru jadi mulus tapi Mendekati lokasi jalannya agak sempit",agak,I-CLAUSE
62,"Juni 2022, Jalan menuju lokasi aspalnya masih baru jadi mulus tapi Mendekati lokasi jalannya agak sempit",sempit,I-CLAUSE
63,"Pemandangan alam lumayan bagus, namun perlu perbaikan dalam sarana prasarana",pemandangan,B-CLAUSE
63,"Pemandangan alam lumayan bagus, namun perlu perbaikan dalam sarana prasarana",alam,I-CLAUSE
63,"Pemandangan alam lumayan bagus, namun perlu perbaikan dalam sarana prasarana",lumayan,I-CLAUSE
63,"Pemandangan alam lumayan bagus, namun perlu perbaikan dalam sarana prasarana",bagus,I-CLAUSE
63,"Pemandangan alam lumayan bagus, namun perlu perbaikan dalam sarana prasarana",",",O
63,"Pemandangan alam lumayan bagus, namun perlu perbaikan dalam sarana prasarana",namun,O
63,"Pemandangan alam lumayan bagus, namun perlu perbaikan dalam sarana prasarana",perlu,B-CLAUSE
63,"Pemandangan alam lumayan bagus, namun perlu perbaikan dalam sarana prasarana",perbaikan,I-CLAUSE
63,"Pemandangan alam lumayan bagus, namun perlu perbaikan dalam sarana prasarana",dalam,I-CLAUSE
63,"Pemandangan alam lumayan bagus, namun perlu perbaikan dalam sarana prasarana",sarana,I-CLAUSE
63,"Pemandangan alam lumayan bagus, namun perlu perbaikan dalam sarana prasarana",prasarana,I-CLAUSE
64,"Dikelilingi pohon hijau, airnya jernih, udaranya sejuk, Spot foto bagus, Arena wisata bermain kurang aman",dikelilingi,B-CLAUSE
64,"Dikelilingi pohon hijau, airnya jernih, udaranya sejuk, Spot foto bagus, Arena wisata bermain kurang aman",pohon,I-CLAUSE
64,"Dikelilingi pohon hijau, airnya jernih, udaranya sejuk, Spot foto bagus, Arena wisata bermain kurang aman",hijau,I-CLAUSE
64,"Dikelilingi pohon hijau, airnya jernih, udaranya sejuk, Spot foto bagus, Arena wisata bermain kurang aman",",",O
64,"Dikelilingi pohon hijau, airnya jernih, udaranya sejuk, Spot foto bagus, Arena wisata bermain kurang aman",airnya,B-CLAUSE
64,"Dikelilingi pohon hijau, airnya jernih, udaranya sejuk, Spot foto bagus, Arena wisata bermain kurang aman",jernih,I-CLAUSE
64,"Dikelilingi pohon hijau, airnya jernih, udaranya sejuk, Spot foto bagus, Arena wisata bermain kurang aman",",",O
64,"Dikelilingi pohon hijau, airnya jernih, udaranya sejuk, Spot foto bagus, Arena wisata bermain kurang aman",udaranya,B-CLAUSE
64,"Dikelilingi pohon hijau, airnya jernih, udaranya sejuk, Spot foto bagus, Arena wisata bermain kurang aman",sejuk,I-CLAUSE
64,"Dikelilingi pohon hijau, airnya jernih, udaranya sejuk, Spot foto bagus, Arena wisata bermain kurang aman",",",O
64,"Dikelilingi pohon hijau, airnya jernih, udaranya sejuk, Spot foto bagus, Arena wisata bermain kurang aman",spot,B-CLAUSE
64,"Dikelilingi pohon hijau, airnya jernih, udaranya sejuk, Spot foto bagus, Arena wisata bermain kurang aman",foto,I-CLAUSE
64,"Dikelilingi pohon hijau, airnya jernih, udaranya sejuk, Spot foto bagus, Arena wisata bermain kurang aman",bagus,I-CLAUSE
64,"Dikelilingi pohon hijau, airnya jernih, udaranya sejuk, Spot foto bagus, Arena wisata bermain kurang aman",",",O
64,"Dikelilingi pohon hijau, airnya jernih, udaranya sejuk, Spot foto bagus, Arena wisata bermain kurang aman",arena,B-CLAUSE
64,"Dikelilingi pohon hijau, airnya jernih, udaranya sejuk, Spot foto bagus, Arena wisata bermain kurang aman",wisata,I-CLAUSE
64,"Dikelilingi pohon hijau, airnya jernih, udaranya sejuk, Spot foto bagus, Arena wisata bermain kurang aman",bermain,I-CLAUSE
64,"Dikelilingi pohon hijau, airnya jernih, udaranya sejuk, Spot foto bagus, Arena wisata bermain kurang aman",kurang,I-CLAUSE
64,"Dikelilingi pohon hijau, airnya jernih, udaranya sejuk, Spot foto bagus, Arena wisata bermain kurang aman",aman,I-CLAUSE
65,"lokasi rekreasi masih asri, dg sungai mengalir dan bersih",lokasi,B-CLAUSE
65,"lokasi rekreasi masih asri, dg sungai mengalir dan bersih",rekreasi,I-CLAUSE
65,"lokasi rekreasi masih asri, dg sungai mengalir dan bersih",masih,I-CLAUSE
65,"lokasi rekreasi masih asri, dg sungai mengalir dan bersih",asri,I-CLAUSE
65,"lokasi rekreasi masih asri, dg sungai mengalir dan bersih",",",O
65,"lokasi rekreasi masih asri, dg sungai mengalir dan bersih",dg,B-CLAUSE
65,"lokasi rekreasi masih asri, dg sungai mengalir dan bersih",sungai,I-CLAUSE
65,"lokasi rekreasi masih asri, dg sungai mengalir dan bersih",mengalir,I-CLAUSE
65,"lokasi rekreasi masih asri, dg sungai mengalir dan bersih",dan,I-CLAUSE
65,"lokasi rekreasi masih asri, dg sungai mengalir dan bersih",bersih,I-CLAUSE
66,tempat luas dan bersih,tempat,B-CLAUSE
66,tempat luas dan bersih,luas,I-CLAUSE
66,tempat luas dan bersih,dan,I-CLAUSE
66,tempat luas dan bersih,bersih,I-CLAUSE
67,kamar nyaman dan sejuk,kamar,B-CLAUSE
67,kamar nyaman dan sejuk,nyaman,I-CLAUSE
67,kamar nyaman dan sejuk,dan,I-CLAUSE
67,kamar nyaman dan sejuk,sejuk,I-CLAUSE
68,makanan enak dan murah,makanan,B-CLAUSE
68,makanan enak dan murah,enak,I-CLAUSE
68,makanan enak dan murah,dan,I-CLAUSE
68,makanan enak dan murah,murah,I-CLAUSE
69,pelayanan cepat dan ramah,pelayanan,B-CLAUSE
69,pelayanan cepat dan ramah,cepat,I-CLAUSE
69,pelayanan cepat dan ramah,dan,I-CLAUSE
69,pelayanan cepat dan ramah,ramah,I-CLAUSE
70,wahana seru dan aman,wahana,B-CLAUSE
70,wahana seru dan aman,seru,I-CLAUSE
70,wahana seru dan aman,dan,I-CLAUSE
70,wahana seru dan aman,aman,I-CLAUSE
71,wisata ini bagus dan keren,wisata,B-CLAUSE
71,wisata ini bagus dan keren,ini,I-CLAUSE
71,wisata ini bagus dan keren,bagus,I-CLAUSE
71,wisata ini bagus dan keren,dan,I-CLAUSE
71,wisata ini bagus dan keren,keren,I-CLAUSE
72,tempat sangat indah dan menarik,tempat,B-CLAUSE
72,tempat sangat indah dan menarik,sangat,I-CLAUSE
72,tempat sangat indah dan menarik,indah,I-CLAUSE
72,tempat sangat indah dan menarik,dan,I-CLAUSE
72,tempat sangat indah dan menarik,menarik,I-CLAUSE
73,lokasi strategis dan mudah dijangkau,lokasi,B-CLAUSE
73,lokasi strategis dan mudah dijangkau,strategis,I-CLAUSE
73,lokasi strategis dan mudah dijangkau,dan,I-CLAUSE
73,lokasi strategis dan mudah dijangkau,mudah,I-CLAUSE
73,lokasi strategis dan mudah dijangkau,dijangkau,I-CLAUSE
74,pemandangan cantik dan memukau,pemandangan,B-CLAUSE
74,pemandangan cantik dan memukau,cantik,I-CLAUSE
74,pemandangan cantik dan memukau,dan,I-CLAUSE
74,pemandangan cantik dan memukau,memukau,I-CLAUSE
75,suasana nyaman dan tenang sekali,suasana,B-CLAUSE
75,suasana nyaman dan tenang sekali,nyaman,I-CLAUSE
75,suasana nyaman dan tenang sekali,dan,I-CLAUSE
75,suasana nyaman dan tenang sekali,tenang,I-CLAUSE
75,suasana nyaman dan tenang sekali,sekali,I-CLAUSE
76,fasilitas lengkap dan modern,fasilitas,B-CLAUSE
76,fasilitas lengkap dan modern,lengkap,I-CLAUSE
76,fasilitas lengkap dan modern,dan,I-CLAUSE
76,fasilitas lengkap dan modern,modern,I-CLAUSE
77,pelayanan baik dan memuaskan,pelayanan,B-CLAUSE
77,pelayanan baik dan memuaskan,baik,I-CLAUSE
77,pelayanan baik dan memuaskan,dan,I-CLAUSE
77,pelayanan baik dan memuaskan,memuaskan,I-CLAUSE
78,harga terjangkau dan bersahabat,harga,B-CLAUSE
78,harga terjangkau dan bersahabat,terjangkau,I-CLAUSE
78,harga terjangkau dan bersahabat,dan,I-CLAUSE
78,harga terjangkau dan bersahabat,bersahabat,I-CLAUSE
79,kolam bersih dan terawat,kolam,B-CLAUSE
79,kolam bersih dan terawat,bersih,I-CLAUSE
79,kolam bersih dan terawat,dan,I-CLAUSE
79,kolam bersih dan terawat,terawat,I-CLAUSE
80,jalan lebar dan mulus,jalan,B-CLAUSE
80,jalan lebar dan mulus,lebar,I-CLAUSE
80,jalan lebar dan mulus,dan,I-CLAUSE
80,jalan lebar dan mulus,mulus,I-CLAUSE
81,parkir luas dan gratis,parkir,B-CLAUSE
81,parkir luas dan gratis,luas,I-CLAUSE
81,parkir luas dan gratis,dan,I-CLAUSE
81,parkir luas dan gratis,gratis,I-CLAUSE
82,toilet bersih dan wangi,toilet,B-CLAUSE
82,toilet bersih dan wangi,bersih,I-CLAUSE
82,toilet bersih dan wangi,dan,I-CLAUSE
82,toilet bersih dan wangi,wangi,I-CLAUSE
83,tiket murah dan terjangkau,tiket,B-CLAUSE
83,tiket murah dan terjangkau,murah,I-CLAUSE
83,tiket murah dan terjangkau,dan,I-CLAUSE
83,tiket murah dan terjangkau,terjangkau,I-CLAUSE
84,staf ramah dan profesional,staf,B-CLAUSE
84,staf ramah dan profesional,ramah,I-CLAUSE
84,staf ramah dan profesional,dan,I-CLAUSE
84,staf ramah dan profesional,profesional,I-CLAUSE
85,tempat asri dan sejuk banget,tempat,B-CLAUSE
85,tempat asri dan sejuk banget,asri,I-CLAUSE
85,tempat asri dan sejuk banget,dan,I-CLAUSE
85,tempat asri dan sejuk banget,sejuk,I-CLAUSE
85,tempat asri dan sejuk banget,banget,I-CLAUSE
86,wisata recommended dan worth it,wisata,B-CLAUSE
86,wisata recommended dan worth it,recommended,I-CLAUSE
86,wisata recommended dan worth it,dan,I-CLAUSE
86,wisata recommended dan worth it,worth,I-CLAUSE
86,wisata recommended dan worth it,it,I-CLAUSE
87,spot instagramable dan keren,spot,B-CLAUSE
87,spot instagramable dan keren,instagramable,I-CLAUSE
87,spot instagramable dan keren,dan,I-CLAUSE
87,spot instagramable dan keren,keren,I-CLAUSE
88,view bagus dan luar biasa,view,B-CLAUSE
88,view bagus dan luar biasa,bagus,I-CLAUSE
88,view bagus dan luar biasa,dan,I-CLAUSE
88,view bagus dan luar biasa,luar,I-CLAUSE
88,view bagus dan luar biasa,biasa,I-CLAUSE
89,destinasi menarik dan edukatif,destinasi,B-CLAUSE
89,destinasi menarik dan edukatif,menarik,I-CLAUSE
89,destinasi menarik dan edukatif,dan,I-CLAUSE
89,destinasi menarik dan edukatif,edukatif,I-CLAUSE
90,wahana komplit dan seru,wahana,B-CLAUSE
90,wahana komplit dan seru,komplit,I-CLAUSE
90,wahana komplit dan seru,dan,I-CLAUSE
90,wahana komplit dan seru,seru,I-CLAUSE
91,Agrowisata gunung pasang menawarkan pemandangan alam yg menawan namun harga tiket masuk relatif mahal dgn fasilitas yg sangat minim,agrowisata,B-CLAUSE
91,Agrowisata gunung pasang menawarkan pemandangan alam yg menawan namun harga tiket masuk relatif mahal dgn fasilitas yg sangat minim,gunung,I-CLAUSE
91,Agrowisata gunung pasang menawarkan pemandangan alam yg menawan namun harga tiket masuk relatif mahal dgn fasilitas yg sangat minim,pasang,I-CLAUSE
91,Agrowisata gunung pasang menawarkan pemandangan alam yg menawan namun harga tiket masuk relatif mahal dgn fasilitas yg sangat minim,menawarkan,I-CLAUSE
91,Agrowisata gunung pasang menawarkan pemandangan alam yg menawan namun harga tiket masuk relatif mahal dgn fasilitas yg sangat minim,pemandangan,I-CLAUSE
91,Agrowisata gunung pasang menawarkan pemandangan alam yg menawan namun harga tiket masuk relatif mahal dgn fasilitas yg sangat minim,alam,I-CLAUSE
91,Agrowisata gunung pasang menawarkan pemandangan alam yg menawan namun harga tiket masuk relatif mahal dgn fasilitas yg sangat minim,yg,I-CLAUSE
91,Agrowisata gunung pasang menawarkan pemandangan alam yg menawan namun harga tiket masuk relatif mahal dgn fasilitas yg sangat minim,menawan,I-CLAUSE
91,Agrowisata gunung pasang menawarkan pemandangan alam yg menawan namun harga tiket masuk relatif mahal dgn fasilitas yg sangat minim,namun,O
91,Agrowisata gunung pasang menawarkan pemandangan alam yg menawan namun harga tiket masuk relatif mahal dgn fasilitas yg sangat minim,harga,B-CLAUSE
91,Agrowisata gunung pasang menawarkan pemandangan alam yg menawan namun harga tiket masuk relatif mahal dgn fasilitas yg sangat minim,tiket,I-CLAUSE
91,Agrowisata gunung pasang menawarkan pemandangan alam yg menawan namun harga tiket masuk relatif mahal dgn fasilitas yg sangat minim,masuk,I-CLAUSE
91,Agrowisata gunung pasang menawarkan pemandangan alam yg menawan namun harga tiket masuk relatif mahal dgn fasilitas yg sangat minim,relatif,I-CLAUSE
91,Agrowisata gunung pasang menawarkan pemandangan alam yg menawan namun harga tiket masuk relatif mahal dgn fasilitas yg sangat minim,mahal,I-CLAUSE
91,Agrowisata gunung pasang menawarkan pemandangan alam yg menawan namun harga tiket masuk relatif mahal dgn fasilitas yg sangat minim,dgn,I-CLAUSE
91,Agrowisata gunung pasang menawarkan pemandangan alam yg menawan namun harga tiket masuk relatif mahal dgn fasilitas yg sangat minim,fasilitas,I-CLAUSE
91,Agrowisata gunung pasang menawarkan pemandangan alam yg menawan namun harga tiket masuk relatif mahal dgn fasilitas yg sangat minim,yg,I-CLAUSE
91,Agrowisata gunung pasang menawarkan pemandangan alam yg menawan namun harga tiket masuk relatif mahal dgn fasilitas yg sangat minim,sangat,I-CLAUSE
91,Agrowisata gunung pasang menawarkan pemandangan alam yg menawan namun harga tiket masuk relatif mahal dgn fasilitas yg sangat minim,minim,I-CLAUSE
92,"Kalau sudah rame, parkiran nya ruwet sekali",kalau,B-CLAUSE
92,"Kalau sudah rame, parkiran nya ruwet sekali",sudah,I-CLAUSE
92,"Kalau sudah rame, parkiran nya ruwet sekali",rame,I-CLAUSE
92,"Kalau sudah rame, parkiran nya ruwet sekali",",",O
92,"Kalau sudah rame, parkiran nya ruwet sekali",parkiran,B-CLAUSE
92,"Kalau sudah rame, parkiran nya ruwet sekali",nya,I-CLAUSE
92,"Kalau sudah rame, parkiran nya ruwet sekali",ruwet,I-CLAUSE
92,"Kalau sudah rame, parkiran nya ruwet sekali",sekali,I-CLAUSE
93,Pelayanan para staf mengecewakan,pelayanan,B-CLAUSE
93,Pelayanan para staf mengecewakan,para,I-CLAUSE
93,Pelayanan para staf mengecewakan,staf,I-CLAUSE
93,Pelayanan para staf mengecewakan,mengecewakan,I-CLAUSE
94,Tempatnya sangat asri dan para pegawai yang sangat ramah kepada pengunjung,tempatnya,B-CLAUSE
94,Tempatnya sangat asri dan para pegawai yang sangat ramah kepada pengunjung,sangat,I-CLAUSE
94,Tempatnya sangat asri dan para pegawai yang sangat ramah kepada pengunjung,asri,I-CLAUSE
94,Tempatnya sangat asri dan para pegawai yang sangat ramah kepada pengunjung,dan,O
94,Tempatnya sangat asri dan para pegawai yang sangat ramah kepada pengunjung,para,B-CLAUSE
94,Tempatnya sangat asri dan para pegawai yang sangat ramah kepada pengunjung,pegawai,I-CLAUSE
94,Tempatnya sangat asri dan para pegawai yang sangat ramah kepada pengunjung,yang,I-CLAUSE
94,Tempatnya sangat asri dan para pegawai yang sangat ramah kepada pengunjung,sangat,I-CLAUSE
94,Tempatnya sangat asri dan para pegawai yang sangat ramah kepada pengunjung,ramah,I-CLAUSE
94,Tempatnya sangat asri dan para pegawai yang sangat ramah kepada pengunjung,kepada,I-CLAUSE
94,Tempatnya sangat asri dan para pegawai yang sangat ramah kepada pengunjung,pengunjung,I-CLAUSE
95,Akses jalan sudah beraspal halus namun tidak cukup lebar,akses,B-CLAUSE
95,Akses jalan sudah beraspal halus namun tidak cukup lebar,jalan,I-CLAUSE
95,Akses jalan sudah beraspal halus namun tidak cukup lebar,sudah,I-CLAUSE
95,Akses jalan sudah beraspal halus namun tidak cukup lebar,beraspal,I-CLAUSE
95,Akses jalan sudah beraspal halus namun tidak cukup lebar,halus,I-CLAUSE
95,Akses jalan sudah beraspal halus namun tidak cukup lebar,namun,O
95,Akses jalan sudah beraspal halus namun tidak cukup lebar,tidak,B-CLAUSE
95,Akses jalan sudah beraspal halus namun tidak cukup lebar,cukup,I-CLAUSE
95,Akses jalan sudah beraspal halus namun tidak cukup lebar,lebar,I-CLAUSE
96,Itu kan jalan umum sih,itu,B-CLAUSE
96,Itu kan jalan umum sih,kan,I-CLAUSE
96,Itu kan jalan umum sih,jalan,I-CLAUSE
96,Itu kan jalan umum sih,umum,I-CLAUSE
96,Itu kan jalan umum sih,sih,I-CLAUSE
97,saya orang jauh kecewa,saya,B-CLAUSE
97,saya orang jauh kecewa,orang,I-CLAUSE
97,saya orang jauh kecewa,jauh,I-CLAUSE
97,saya orang jauh kecewa,kecewa,I-CLAUSE